image_name,target
1920/image_1262518392_product_3908848319.jpg,1920
2060/image_1303149294_product_4157513842.jpg,2060
1920/image_1279091240_product_4037092006.jpg,1920
1720/image_1308892528_product_4178058140.jpg,1720
2766/image_933321529_product_209416646.jpg,2766
2240/image_1278457415_product_3795062083.jpg,2240
2885/image_1268521723_product_3951488648.jpg,2885
2766/image_1313925405_product_4200041104.jpg,2766
1720/image_1285212790_product_4067734661.jpg,1720
1680/image_1188601795_product_3069198604.jpg,1680
2060/image_1289183248_product_4086224530.jpg,2060
1320/image_1192183768_product_3123019018.jpg,1320
1920/image_941802994_product_207486801.jpg,1920
1680/image_1273861659_product_3995056965.jpg,1680
2542/image_1161795553_product_1543852344.jpg,2542
1481/image_1241352760_product_3755923959.jpg,1481
2060/image_1289001459_product_4086176197.jpg,2060
1760/image_1244368929_product_3707175603.jpg,1760
2060/image_1143099742_product_2459856040.jpg,2060
2766/image_1256448683_product_3873669719.jpg,2766
1481/image_1228153438_product_3613902171.jpg,1481
1481/image_1285015949_product_4063751803.jpg,1481
2060/image_1255666105_product_3870723488.jpg,2060
1481/image_1263798620_product_3921563474.jpg,1481
1481/image_1284669748_product_4063705496.jpg,1481
2542/image_1075755893_product_1352145616.jpg,2542
2766/image_1302382595_product_4152567215.jpg,2766
1920/image_1295987570_product_4127729487.jpg,1920
1481/image_1288819115_product_4072324513.jpg,1481
1481/image_1086134491_product_1509264254.jpg,1481
1320/image_1192183394_product_3123018306.jpg,1320
1741/image_1317502864_product_4213596717.jpg,1741
2240/image_1275839032_product_4009061892.jpg,2240
2885/image_1236385504_product_3707030104.jpg,2885
1720/image_1288064297_product_4077156637.jpg,1720
1840/image_1301732842_product_4153233606.jpg,1840
1481/image_1283328493_product_4060954882.jpg,1481
2060/image_1152357363_product_2604753690.jpg,2060
2582/image_1246077220_product_3797080589.jpg,2582
2582/image_1230787051_product_3641682114.jpg,2582
1481/image_859810357_product_95845202.jpg,1481
2060/image_1303096938_product_4157237898.jpg,2060
2725/image_1265643398_product_3932398731.jpg,2725
1680/image_1310412355_product_4183709046.jpg,1680
1720/image_1264888840_product_3927722648.jpg,1720
1560/image_1321537269_product_4227996065.jpg,1560
2766/image_1282645796_product_4058253270.jpg,2766
1481/image_923699106_product_174506471.jpg,1481
1680/image_1258678602_product_3885510003.jpg,1680
1760/image_1252240093_product_3596259772.jpg,1760
1064/image_1292244941_product_4108379917.jpg,1064
2060/image_1269391558_product_3957785924.jpg,2060
1680/image_1299094949_product_4141545330.jpg,1680
1741/image_1286692487_product_4071253056.jpg,1741
1920/image_1260243999_product_3894925478.jpg,1920
1064/image_1179934522_product_2993996093.jpg,1064
1560/image_1313121453_product_4197490143.jpg,1560
2582/image_1269778808_product_3962605895.jpg,2582
1840/image_1303986289_product_4160714905.jpg,1840
2766/image_1324727737_product_4238141830.jpg,2766
1560/image_1209472566_product_1888340281.jpg,1560
1741/image_1315335507_product_4204897144.jpg,1741
2542/image_1010141903_product_444777665.jpg,2542
1481/image_1284387627_product_4063164884.jpg,1481
2766/image_1253933718_product_3859344051.jpg,2766
1680/image_1224440689_product_3586225972.jpg,1680
2060/image_1272762296_product_3990164566.jpg,2060
2060/image_1255531934_product_3868447700.jpg,2060
2542/image_1096767870_product_1659945449.jpg,2542
2240/image_1270227855_product_3969348558.jpg,2240
2766/image_1253931104_product_3859343801.jpg,2766
1680/image_1285786742_product_4070643717.jpg,1680
2885/image_1241720234_product_3759453339.jpg,2885
1741/image_1285961308_product_4070427877.jpg,1741
1920/image_1276318632_product_4012703527.jpg,1920
1481/image_1290144548_product_4090198255.jpg,1481
2060/image_1011158260_product_858081536.jpg,2060
1481/image_1191308076_product_3104799588.jpg,1481
1680/image_1298998613_product_4141482264.jpg,1680
1680/image_1287857863_product_4064036317.jpg,1680
1481/image_1280651556_product_4044203094.jpg,1481
1920/image_1168112824_product_2852732169.jpg,1920
2542/image_1043251191_product_848512307.jpg,2542
1320/image_1192160110_product_3122706420.jpg,1320
1680/image_1298240901_product_4138953778.jpg,1680
1741/image_1245147251_product_3789334132.jpg,1741
1760/image_1300810622_product_4149011204.jpg,1760
1481/image_1275170536_product_4004808299.jpg,1481
2582/image_1156623937_product_2675025371.jpg,2582
1064/image_1264741839_product_3925958144.jpg,1064
2766/image_900188839_product_209706127.jpg,2766
1741/image_1186552795_product_3032814938.jpg,1741
1741/image_1211746132_product_3409571506.jpg,1741
2240/image_1289486721_product_4087649524.jpg,2240
2060/image_1265418870_product_3930266242.jpg,2060
1920/image_1232187754_product_3657910457.jpg,1920
2240/image_1252678940_product_3850525147.jpg,2240
2885/image_1266006305_product_3935940245.jpg,2885
2240/image_1159822414_product_2719744994.jpg,2240
1920/image_1279057598_product_4037576770.jpg,1920
1920/image_1273672404_product_3992774113.jpg,1920
2582/image_1204264325_product_3219901843.jpg,2582
1920/image_1255766760_product_3871043697.jpg,1920
1481/image_1156313067_product_2667747502.jpg,1481
2766/image_1119797611_product_2002511640.jpg,2766
1741/image_1313202418_product_4197302460.jpg,1741
2060/image_1237198302_product_3716587913.jpg,2060
1500/image_1198736596_product_3220241149.jpg,1500
1481/image_1303931970_product_4158894966.jpg,1481
2766/image_1321911261_product_4228940683.jpg,2766
1500/image_1035010295_product_682725549.jpg,1500
2060/image_1318315372_product_4217937998.jpg,2060
2060/image_1096162651_product_1647303727.jpg,2060
1920/image_1301334256_product_4150978252.jpg,1920
2542/image_1039198638_product_788939043.jpg,2542
2766/image_1127557809_product_2125777690.jpg,2766
2766/image_1322859630_product_4232029792.jpg,2766
2240/image_1289171584_product_4086068217.jpg,2240
50/image_1066970258_product_1174255593.jpg,50
1741/image_1232182672_product_3477808967.jpg,1741
1481/image_1202581369_product_3256079712.jpg,1481
1500/image_1097584256_product_1673874831.jpg,1500
1920/image_1124992369_product_2087480830.jpg,1920
1720/image_1299065969_product_4141578739.jpg,1720
1741/image_1275705577_product_4007010016.jpg,1741
1920/image_1279233509_product_4037103173.jpg,1920
1741/image_1230146788_product_3632052855.jpg,1741
1481/image_1317894502_product_4215343149.jpg,1481
1680/image_1188605035_product_3069199841.jpg,1680
1741/image_1168073510_product_2851521068.jpg,1741
1680/image_1289634158_product_4088500140.jpg,1680
1064/image_1130440840_product_2183637993.jpg,1064
1481/image_1312778503_product_4196118988.jpg,1481
1560/image_1237103426_product_951577466.jpg,1560
1741/image_1281460307_product_4050571897.jpg,1741
1840/image_1233283086_product_2767941468.jpg,1840
1481/image_1135736065_product_2312202142.jpg,1481
1920/image_1273276756_product_3992551833.jpg,1920
1481/image_1194346144_product_3157629971.jpg,1481
2240/image_1117348409_product_1970534223.jpg,2240
2060/image_1279791990_product_4041644078.jpg,2060
1300/image_1282518493_product_4057540194.jpg,1300
1741/image_1281615471_product_4050589133.jpg,1741
1680/image_1010471766_product_446812503.jpg,1680
2766/image_1261362755_product_3899615047.jpg,2766
2766/image_1309786422_product_4181786241.jpg,2766
1481/image_1117519180_product_1974927471.jpg,1481
1920/image_1285062321_product_4063750189.jpg,1920
1560/image_1266511823_product_3938620411.jpg,1560
2542/image_941381103_product_206495107.jpg,2542
1481/image_975903274_product_274822952.jpg,1481
2766/image_1279524408_product_4039773850.jpg,2766
2060/image_1267985043_product_3944791704.jpg,2060
1481/image_1309484209_product_4180193872.jpg,1481
1741/image_1291621865_product_4102739938.jpg,1741
1741/image_1207111783_product_3333186742.jpg,1741
1741/image_1309346346_product_4180171105.jpg,1741
1320/image_1192053060_product_3120607142.jpg,1320
1680/image_1145292109_product_1334813676.jpg,1680
2766/image_1321726967_product_4228928063.jpg,2766
2060/image_1294491825_product_4122749234.jpg,2060
1760/image_1311413508_product_4182076039.jpg,1760
1920/image_1310474709_product_4182418102.jpg,1920
1840/image_1318336957_product_3882622748.jpg,1840
1920/image_1258677932_product_3885550865.jpg,1920
1760/image_996376822_product_307464101.jpg,1760
1741/image_1282970022_product_4057859384.jpg,1741
1481/image_1094096957_product_1613853630.jpg,1481
2766/image_1279418324_product_4039695574.jpg,2766
50/image_1147324756_product_2531016418.jpg,50
2060/image_1226890954_product_3604820822.jpg,2060
50/image_1112623012_product_1924163222.jpg,50
2060/image_1253638106_product_3858061625.jpg,2060
2582/image_1317925089_product_4215695652.jpg,2582
1920/image_1258588477_product_3885516890.jpg,1920
2542/image_1147248778_product_1375971330.jpg,2542
1481/image_1151950033_product_2594610614.jpg,1481
1560/image_1254414250_product_3861646356.jpg,1560
1481/image_979001264_product_280740316.jpg,1481
1560/image_1256646716_product_3874686443.jpg,1560
1741/image_1200724715_product_3243226947.jpg,1741
1481/image_1280750415_product_4046607729.jpg,1481
1741/image_1272641450_product_3987461896.jpg,1741
2240/image_1315236064_product_4205095879.jpg,2240
1680/image_1294001960_product_4120494560.jpg,1680
1741/image_1287419347_product_4076614339.jpg,1741
1741/image_1275063605_product_4004086043.jpg,1741
1320/image_1192049736_product_3120597344.jpg,1320
1680/image_1287787516_product_4064032254.jpg,1680
2060/image_1317260821_product_4211716538.jpg,2060
2542/image_964730214_product_248044108.jpg,2542
2060/image_1313412710_product_4183249177.jpg,2060
1500/image_984809926_product_289925079.jpg,1500
1320/image_1192165249_product_3122724041.jpg,1320
1920/image_1289362127_product_4088094447.jpg,1920
1760/image_1137990017_product_1332288856.jpg,1760
1920/image_1255719819_product_3871019283.jpg,1920
2885/image_1249290813_product_3819079592.jpg,2885
2060/image_1311796343_product_4188953532.jpg,2060
1720/image_1281299357_product_4050808896.jpg,1720
2582/image_1234743628_product_3689693256.jpg,2582
1500/image_1265241093_product_3929871063.jpg,1500
1481/image_1300211573_product_4145259754.jpg,1481
2542/image_1313145823_product_4197722029.jpg,2542
1680/image_939602440_product_202662989.jpg,1680
190/image_1223521929_product_3581799883.jpg,190
2766/image_1034539413_product_677879095.jpg,2766
1760/image_1238273862_product_3727138004.jpg,1760
2766/image_1204428900_product_3290448972.jpg,2766
1920/image_1117509589_product_1974892069.jpg,1920
1720/image_1287195482_product_4074582231.jpg,1720
1560/image_1301321157_product_4151250276.jpg,1560
1920/image_1260231421_product_3894916989.jpg,1920
1320/image_1192150512_product_3122651829.jpg,1320
1560/image_1301520664_product_4151263272.jpg,1560
2060/image_1315183128_product_4204293028.jpg,2060
1680/image_1278570967_product_4035772082.jpg,1680
1760/image_1024039891_product_532811523.jpg,1760
2582/image_1209809118_product_2003724830.jpg,2582
1560/image_1282909449_product_4027066038.jpg,1560
1560/image_1234291483_product_3683477556.jpg,1560
2766/image_1023273121_product_534682109.jpg,2766
1741/image_1281608180_product_4050587505.jpg,1741
1920/image_1196808625_product_3198811967.jpg,1920
2885/image_1272215420_product_3987683438.jpg,2885
1741/image_1204410162_product_3289797777.jpg,1741
2240/image_1289664504_product_4087661910.jpg,2240
2766/image_1269154291_product_3954430664.jpg,2766
2542/image_1017683140_product_507141486.jpg,2542
1481/image_1219009146_product_3522674796.jpg,1481
2542/image_961265434_product_237222374.jpg,2542
1920/image_1273511833_product_3992742677.jpg,1920
2766/image_1178023358_product_2980182889.jpg,2766
2542/image_1084612110_product_1499362584.jpg,2542
2060/image_1316288575_product_4209051184.jpg,2060
2725/image_1142012116_product_2445848241.jpg,2725
2582/image_915602050_product_160313202.jpg,2582
2885/image_1255316104_product_3869199885.jpg,2885
1680/image_1306093192_product_4167235400.jpg,1680
1560/image_1116597342_product_1962652178.jpg,1560
2766/image_1148178357_product_2537630051.jpg,2766
1741/image_1291045782_product_4099434808.jpg,1741
1481/image_1282789814_product_4057414611.jpg,1481
1680/image_1306418995_product_4167258997.jpg,1680
2766/image_1127614616_product_2126573482.jpg,2766
2766/image_1307936305_product_4173149041.jpg,2766
2766/image_1299691957_product_4143422066.jpg,2766
1680/image_1220580750_product_3549168608.jpg,1680
190/image_1216759269_product_3485072557.jpg,190
2542/image_1037749663_product_739154578.jpg,2542
1680/image_1278560058_product_4035769490.jpg,1680
1064/image_1130526521_product_2183685516.jpg,1064
2060/image_1277490829_product_4023123399.jpg,2060
1741/image_1167329330_product_2832933879.jpg,1741
2766/image_1267224636_product_3942377006.jpg,2766
190/image_1169018269_product_2869212474.jpg,190
1741/image_1177991618_product_2979557251.jpg,1741
1920/image_1279164694_product_4037097417.jpg,1920
1500/image_1279506616_product_4039845966.jpg,1500
1481/image_1290029937_product_4090495192.jpg,1481
1741/image_1320517935_product_4224812945.jpg,1741
1680/image_1283266586_product_4057926010.jpg,1680
1741/image_1311320292_product_4186954243.jpg,1741
1064/image_1130394721_product_2183497329.jpg,1064
2766/image_1289431215_product_4088190524.jpg,2766
2766/image_838024430_product_52592207.jpg,2766
1741/image_1166838146_product_2824409046.jpg,1741
1920/image_1254926346_product_3866824420.jpg,1920
1064/image_1130439359_product_2183637558.jpg,1064
1720/image_1254471754_product_3861629928.jpg,1720
1741/image_1282920664_product_4057837553.jpg,1741
1680/image_1191208143_product_3104079205.jpg,1680
1741/image_1311502830_product_4186522236.jpg,1741
1300/image_1097278763_product_1665642625.jpg,1300
1741/image_1317009788_product_4211496846.jpg,1741
2240/image_1252703347_product_3850528936.jpg,2240
2766/image_1271945065_product_3984473624.jpg,2766
1920/image_1222173799_product_3569158554.jpg,1920
2060/image_1117027147_product_1967304004.jpg,2060
1920/image_1290769911_product_4096535564.jpg,1920
1920/image_1323102200_product_4231817590.jpg,1920
2582/image_1111620485_product_1882085507.jpg,2582
2542/image_941385976_product_206496605.jpg,2542
1760/image_1267697978_product_3943921525.jpg,1760
2582/image_1244288218_product_3782196776.jpg,2582
1760/image_1251087885_product_3837474610.jpg,1760
2542/image_1142971833_product_2458186671.jpg,2542
1680/image_1294137620_product_4122283511.jpg,1680
1920/image_1196796719_product_3198694571.jpg,1920
1680/image_1258655579_product_3885118892.jpg,1680
1680/image_1280005825_product_4042495683.jpg,1680
1920/image_1275387990_product_4004158298.jpg,1920
1741/image_1100299020_product_1717342741.jpg,1741
1720/image_1287451075_product_4072115618.jpg,1720
1481/image_1293957400_product_4121146381.jpg,1481
2766/image_1184184468_product_3014730632.jpg,2766
1560/image_1111846197_product_1915833555.jpg,1560
2582/image_1050655472_product_968641964.jpg,2582
2766/image_1314205767_product_4200063150.jpg,2766
2766/image_1256463513_product_3873672210.jpg,2766
1720/image_1099002876_product_1698706826.jpg,1720
2240/image_1182115421_product_2990117402.jpg,2240
1680/image_1299174190_product_4141549719.jpg,1680
1560/image_1230791467_product_3641714369.jpg,1560
1481/image_1024890655_product_547937434.jpg,1481
1741/image_1250898152_product_3836611379.jpg,1741
1760/image_1286458236_product_4074825798.jpg,1760
1741/image_1184042536_product_3014500312.jpg,1741
1481/image_1280197327_product_4044058415.jpg,1481
1680/image_1134787785_product_2267417998.jpg,1680
1500/image_1246437580_product_3798924234.jpg,1500
1741/image_1199550429_product_3232471003.jpg,1741
2060/image_1267996270_product_3944542059.jpg,2060
1741/image_1211407339_product_3397750848.jpg,1741
1560/image_1306834239_product_4168956792.jpg,1560
2542/image_966365081_product_241970735.jpg,2542
1500/image_1134421068_product_2283621196.jpg,1500
2542/image_1313106024_product_4197719459.jpg,2542
1760/image_1290607429_product_4095123578.jpg,1760
1680/image_1287777137_product_4064031483.jpg,1680
1481/image_1222780921_product_3575500854.jpg,1481
1560/image_1317953781_product_4215699973.jpg,1560
1680/image_1163739262_product_2768604633.jpg,1680
1064/image_1130385861_product_2183462160.jpg,1064
1560/image_1304109512_product_4144394343.jpg,1560
1920/image_1259082455_product_3887603429.jpg,1920
2766/image_1100676945_product_1737688473.jpg,2766
2582/image_1249617691_product_3820452439.jpg,2582
1741/image_1318615631_product_4215597181.jpg,1741
1560/image_1254408638_product_3861645853.jpg,1560
1680/image_1136671971_product_2333009095.jpg,1680
2582/image_1166636967_product_2823144053.jpg,2582
2542/image_1136328231_product_1615403017.jpg,2542
2582/image_1225861345_product_532979303.jpg,2582
1840/image_1289469848_product_3490951744.jpg,1840
1481/image_1280330992_product_4040230833.jpg,1481
1560/image_1198748853_product_3220669621.jpg,1560
1680/image_1106435400_product_1864513788.jpg,1680
1680/image_1294065405_product_4120501331.jpg,1680
1481/image_1162050608_product_2745095129.jpg,1481
1300/image_1219644060_product_3527963785.jpg,1300
2240/image_1289485571_product_4087649469.jpg,2240
1920/image_1273755984_product_3992789177.jpg,1920
1720/image_1322642920_product_4225057796.jpg,1720
2240/image_1252370520_product_3848738016.jpg,2240
2240/image_1311947979_product_4191013369.jpg,2240
1680/image_1211219490_product_3393686734.jpg,1680
2582/image_1246070537_product_3797074166.jpg,2582
1920/image_1284111560_product_4063411375.jpg,1920
2885/image_1268486336_product_3951487955.jpg,2885
1680/image_1276202593_product_4012024916.jpg,1680
2060/image_1290265622_product_4092737174.jpg,2060
1481/image_1241379809_product_3756164122.jpg,1481
1920/image_1322068823_product_4229648366.jpg,1920
1560/image_1308752287_product_4177785496.jpg,1560
2240/image_1239861551_product_3741180981.jpg,2240
1680/image_1294571946_product_4122840249.jpg,1680
2725/image_1193421910_product_3138539953.jpg,2725
2060/image_1254701241_product_3863854499.jpg,2060
1064/image_1130492986_product_2183671328.jpg,1064
1840/image_1301735476_product_4153237110.jpg,1840
2060/image_1277925586_product_4023220985.jpg,2060
2240/image_1240500235_product_3747855022.jpg,2240
1680/image_1191417223_product_3106877778.jpg,1680
2060/image_1302414927_product_4153298093.jpg,2060
1680/image_1273102069_product_3992172544.jpg,1680
1920/image_870763325_product_115401714.jpg,1920
1481/image_1272408851_product_3989516768.jpg,1481
1320/image_1192166638_product_3122735247.jpg,1320
1920/image_1273472644_product_3992734595.jpg,1920
1920/image_1279162747_product_4037097087.jpg,1920
2060/image_1299085273_product_4139565476.jpg,2060
1741/image_1252638828_product_3850304465.jpg,1741
1720/image_1256082292_product_3873086392.jpg,1720
1560/image_1104319440_product_1830605498.jpg,1560
2060/image_1313533122_product_4198468092.jpg,2060
2542/image_1052901949_product_1005273102.jpg,2542
1500/image_1272428079_product_3989560764.jpg,1500
1064/image_1130387620_product_2183462388.jpg,1064
2885/image_1243081107_product_3770216026.jpg,2885
2060/image_1302133926_product_4153244319.jpg,2060
2582/image_1100179970_product_1714386964.jpg,2582
2766/image_1258203285_product_3883891843.jpg,2766
2060/image_1323863593_product_4234283843.jpg,2060
1560/image_1167371756_product_2833658950.jpg,1560
1741/image_1190027507_product_3088935172.jpg,1741
1481/image_1172191822_product_2970341852.jpg,1481
1560/image_1161438743_product_2738537613.jpg,1560
1920/image_1273392868_product_3992630926.jpg,1920
1920/image_1278791374_product_4037083281.jpg,1920
2885/image_1254270948_product_3859866621.jpg,2885
1481/image_1136238467_product_2324535919.jpg,1481
1920/image_1259096214_product_3887604517.jpg,1920
1920/image_1255758511_product_3871042723.jpg,1920
2240/image_1261885161_product_3898769842.jpg,2240
2766/image_1129887690_product_2173799856.jpg,2766
2766/image_1321972560_product_4228946539.jpg,2766
1920/image_1275259565_product_4003951359.jpg,1920
1920/image_1279049695_product_4037576208.jpg,1920
2766/image_1024940330_product_543619002.jpg,2766
2766/image_1291313152_product_4101561233.jpg,2766
2060/image_1275277155_product_4004264295.jpg,2060
2240/image_1232438920_product_2719755355.jpg,2240
2766/image_1264050925_product_3923496293.jpg,2766
1920/image_1273735968_product_3992780105.jpg,1920
1481/image_1294440909_product_4122851786.jpg,1481
1741/image_1165263872_product_2801210155.jpg,1741
2060/image_1252297203_product_3848187928.jpg,2060
2060/image_1313145788_product_4182654740.jpg,2060
1920/image_1285118181_product_4063770679.jpg,1920
2766/image_1321745272_product_4228933410.jpg,2766
1680/image_995645593_product_303981469.jpg,1680
2060/image_1317703818_product_4213267663.jpg,2060
1481/image_1277623729_product_4020530042.jpg,1481
2582/image_1168011565_product_2849767813.jpg,2582
2766/image_1145790688_product_2504237591.jpg,2766
2766/image_1269149898_product_3954427522.jpg,2766
1064/image_1130425468_product_2183627882.jpg,1064
1560/image_1269447813_product_3958838185.jpg,1560
1560/image_1131055504_product_2192161740.jpg,1560
2060/image_1257069762_product_3877877063.jpg,2060
1300/image_1264014717_product_3919663568.jpg,1300
1560/image_1311610626_product_4188771220.jpg,1560
1741/image_1281627784_product_4050592399.jpg,1741
2060/image_1267961541_product_3944538647.jpg,2060
1920/image_1284067807_product_4063400418.jpg,1920
1481/image_1295230986_product_4125673828.jpg,1481
1481/image_1283727390_product_4058287474.jpg,1481
1680/image_1216385485_product_3474585420.jpg,1680
1680/image_1293965784_product_4120487915.jpg,1680
1680/image_1257767616_product_3881807294.jpg,1680
1680/image_1259706685_product_3889210007.jpg,1680
2766/image_862467593_product_102283940.jpg,2766
2766/image_1026457793_product_564457295.jpg,2766
1920/image_1255803213_product_3871121058.jpg,1920
2060/image_1312656350_product_4195677418.jpg,2060
1560/image_1301474083_product_4151260867.jpg,1560
1481/image_1318857540_product_4211548426.jpg,1481
1920/image_1279162681_product_4037583574.jpg,1920
1680/image_1284037856_product_4058019170.jpg,1680
1560/image_1251221948_product_3838166122.jpg,1560
2766/image_1093124882_product_1597756497.jpg,2766
2582/image_1264909700_product_3928057889.jpg,2582
1920/image_1299262137_product_4141570526.jpg,1920
2542/image_1190174373_product_2753918251.jpg,2542
1560/image_1052528009_product_987146610.jpg,1560
1064/image_1130358409_product_2183176975.jpg,1064
2240/image_1159808287_product_2719732323.jpg,2240
2766/image_1101520691_product_1774295182.jpg,2766
2885/image_1230654005_product_3639424300.jpg,2885
1680/image_1258405099_product_3883779567.jpg,1680
1680/image_1258417721_product_3883781107.jpg,1680
1920/image_1265599247_product_3931889153.jpg,1920
1680/image_1313675383_product_4199870046.jpg,1680
1680/image_1098159165_product_1680710584.jpg,1680
2766/image_1257977495_product_3883626904.jpg,2766
2060/image_1311776975_product_4188951861.jpg,2060
1481/image_1285003932_product_4063797346.jpg,1481
2060/image_1303141238_product_4157449955.jpg,2060
1720/image_1322527383_product_4225048846.jpg,1720
2240/image_1289173431_product_4086068557.jpg,2240
1481/image_1285239683_product_4063803748.jpg,1481
1680/image_1294104608_product_4120507920.jpg,1680
1500/image_1272438806_product_3989561199.jpg,1500
2060/image_1248418662_product_3814917174.jpg,2060
1680/image_1093463450_product_1603924693.jpg,1680
2542/image_1124423422_product_2077618691.jpg,2542
2766/image_1206313490_product_3321833812.jpg,2766
1560/image_1131068931_product_2192173914.jpg,1560
2766/image_1188320915_product_3063533526.jpg,2766
1920/image_1273781509_product_3992810373.jpg,1920
1920/image_1257854857_product_3883196076.jpg,1920
1741/image_1281427333_product_4050569621.jpg,1741
2766/image_1269145642_product_3954422520.jpg,2766
2542/image_1109042443_product_1881543193.jpg,2542
1760/image_1298450168_product_4139729966.jpg,1760
2766/image_1109246845_product_1886105589.jpg,2766
2582/image_1117984715_product_1978501636.jpg,2582
1680/image_1192150929_product_3122647627.jpg,1680
2060/image_1314894737_product_4186842474.jpg,2060
2766/image_1179727763_product_2993191975.jpg,2766
2582/image_1269771641_product_3962600490.jpg,2582
1680/image_1252456396_product_3849268768.jpg,1680
1741/image_1310253442_product_4182500726.jpg,1741
2885/image_1249664223_product_3820626081.jpg,2885
280/image_978814380_product_280342966.jpg,280
2060/image_1248740094_product_3816720860.jpg,2060
2060/image_1286510380_product_4075203938.jpg,2060
2766/image_1307911144_product_4173144867.jpg,2766
1560/image_1257484961_product_3881697242.jpg,1560
1500/image_1263794256_product_3921551655.jpg,1500
2240/image_1253592012_product_3857865736.jpg,2240
1300/image_1282545998_product_4057545352.jpg,1300
2060/image_1313948845_product_4200632187.jpg,2060
2582/image_1108760940_product_1878382455.jpg,2582
1840/image_994409845_product_300741074.jpg,1840
1481/image_1288972312_product_4072343392.jpg,1481
1920/image_1049920156_product_895397060.jpg,1920
